Screen Name,Text,Language,Tweet Type
ManyMen92611,"@VivekGRamaswamy Mini Modi is a one trick pony. 

Any actual policy positions that are not lifted from team Trump?",en,Reply
therealkalakar,"11. PM Modi's road-show will span from 11 am to 1 pm for 10.1 km, then from 4 pm to 10 pm for 26.5 km.",en,Reply
therealkalakar,"9. Meanwhile, Prime Minister Narendra Modi will conduct a 36.6 km road-show in Bengaluru on May 6.",en,Reply
Thirumeni156515,@BJP4TamilNadu Go back Modi Modi very gedi,it,Reply
MRashidNadwi1,@upadhyayabhii Ab yeh patrkarita zyada din nhi chalne wali abki baar 2024 ke baad tumhari baari he Sootr batate hen Modi sarkar media trail hindu muslim karne per jail men dalne ki tayyari he,hi,Reply
chyasirtech,"â€˜My Manipur is burning, helpâ€™, Mary Kom sought help from PM Modi late atÂ night https://t.co/mNVLY57R6e",en,Tweet
Narayan_Kumar1,"@alishaabdullah @PMOIndia @narendramodi @BJP4India @qatardutyfree Sorry, you lost at least 2% in exchange fees ğŸ˜‚. Always choose the foreign currency option when you swipe the card overseas, unless you want to burn precious money singing Modi bhajan ğŸ¤¦â€â™‚ï¸",en,Reply
Viardot9,"@cldonline @kushal_sonavane @EmmanuelMacron @narendramodi Allez vivre en UKRAINE, 10 000 PRISONNIERS FRANÃ‡AIS,,STALAG 325,,BANDERAS AZOV DAS REICHT GALICIE SONT GLORIFIE,,,,,Ã‰CRIVEZ, EN FRANÃ‡AIS MADAME,,JE DÃ‰TESTE MACRON,,SOLDAT AMÃ‰RICAINS,,MODI,DEVRAIT FAIRE ATTENTION (((TRAÃTRES AMÃ‰RICAINS",fr,Reply
Southern_Brook,#voteoutBJP #Modi_Hatao_Desh_Bachao #KarnatakaAssemblyElections2023 #MODIFailsIndia https://t.co/SSh1Fou29q,und,Tweet
karthik_s3,@Starboy2079 @S97Nishu @BhawanaKishore These kind of actions by parties like AAP TMC brings press freedom index down. But MODI gets the blame.,en,Reply
Ramveer70491121,@trueindian_0 hindu rastra Ghosit  karo modi ji ab time aagya h ji,hi,Reply
SufanRahman,"Under Modi, RSS n BJP Hindutuv governmen, India has become a country of  â€œinstitutionalised riot systemâ€ (IRS), wherein riots are prepared, activated, and sustained with explanatory justifications.

#ManipurVoilence 
#ManipurOnFire 
#SaturdayMorning 
#Modi_Hatao_Desh_Bachao",en,Tweet
ArunPrasathBak1,"@navjeetjha1 @mo_seva @niiravmodi People like Adani, Modi are evading income taxes, huge sum of taxes are being looted from the middle &amp; lower middle class through direct and indirect taxes.

How much per litter of Petrol a vegetable seller is paying as tax ?
How much per cylinder a poor family is paying as tax ?",en,Reply
AyachitDileep,"@SheetalPronamo They are using the opportunity provided by BJP. They have clear agenda if provided a ready mob even in Ganapati Festival they will do sloganeering against RSS, Modi, Brahmin, Hindu and pro Azadi .",en,Reply
ROHITRA15202102,@aditiYadav_Fan Only Modi ji apke papa à¤Ÿà¥‹à¤‚à¤Ÿà¥€ à¤šà¥‹à¤° à¤¹à¥ˆ,et,Reply
docshoib,"@B5001001101 Gone are the days of Modi tsunamai, wave, there are hardly any people excited to have a glimpse of him... Bharat jodo yatra had seen a tsunami of people",en,Reply
vishwanadan,"@ArvindKejriwal AKJ Sahab, aakon Delhi wale aur Punjab mein Khalistani hi jhel sakte hain. Nahi to aap kisi layak nahi. Aapki gandi rajneeti chalane ka pahiya Modi.. Modi... Aur sirf Modi hainğŸ˜„",hi,Reply
AnshulT00079476,@_FaridKhan Accha laga pm modi ne afridi ki jala ke rakh di ğŸ˜‚ğŸ˜‚,hi,Reply
Thirumeni156515,@narendramodi Go back Modi https://t.co/vdYXTlmsiR,en,Reply
nkk_123,"Reasons not to Watch #TheKeralaStory

Ratings of The Kerala Story -
NDTV - 0.5/5 
India Today - 1/5 
Indian Express - 1/5 
Modi - 5/5 ğŸ˜‚ https://t.co/FAC8UvFamg",en,Tweet
maayonism,@AasaiThilipan @Modi_Sangi007 @TRBRajaa @DMKITwing @ITWreports @Udhaystalin @mkstalin @paramporul @kparanjothi1976 à®†à®Ÿà¯ à®®à¯‡à®¯à¯à®•à¯à®•à¯à®®à¯ à®‰à®™à¯à®•à®³à¯à®•à¯à®•à¯ à®…à®°à®šà¯ à®µà¯‡à®²à¯ˆ à®…à®£à¯à®£à®©à¯ à®šà¯€à®®à®¾à®©à¯ à®†à®Ÿà¯à®šà®¿à®¯à®¿à®²à¯ ğŸ‘,ta,Reply
krishna19867153,"@narendramodi Aaj k sadi me v rally prachar ğŸ˜ğŸ˜
Yadi Modi ji ki jagah Indira Gandhi ji hoti to ab tk rally sally par ban lga chuki hoti, ak desh ak chunav v lagu ho gya hota..",in,Reply
GattGaat,@IBhardwajHemant Thanks for sharing your details this is due to the vision of Modi ji Jai bhole nath ji thanks ğŸ™ğŸ‘,en,Reply
YMeghwanshi,Modi h to mumkin h https://t.co/PYkAe4np9p,in,Tweet
ppchadha2,"@vivekagnihotri In each of these states, BJP is trying to win a few seats. Hence truckloads of Modi-style lies are happening ğŸ˜Š",en,Reply
ayub34212,@KashifArsalaan Modi ha to mumkin ha ye to jhalak ha pura des jalega vote ke liye des me nafarat bant di modi kanun ka raj nahi ha,hi,Reply
rajat_jims,@AAPDelhi @ArvindKejriwal Aise dialogue roz Marta hai. Koi seriously nahi leta inko siwaye modi ki ke..Delhi wale bhi usi din ka wait kar rahe jab tumhare Saath waise hoga jaise tum bol rahe. Jai Maa Saraswati aaj iski zubaan pe bath Jana.,hi,Reply
vZL0ZhRP4HBfpis,@modi_sadam ë‚˜ë„ ì¶œê·¼í•˜ëŠ”ë° ë‹¤ ì –ì–´ì¨....,ko,Reply
VMRaste,@zoo_bear #modi ji &amp; co is soo busyğŸ¤”,en,Reply
bhanu_kz,SUN MAY RAISE FROM WEST MODI WILL NEVER REVOKE ARTICLE 370 NO MATTER HOW MUCH YOU CRY https://t.co/5An8vRHpcK,en,Tweet
DINESHKVIS,"""Halakki Vokkaliga tribe felt proud..."": Padma awardees after meeting PM Modi in Karnataka
https://t.co/JlwKFa1FDa

via NaMo App https://t.co/e9yDqopf8Y",et,Tweet
PrasadGPurohit2,Bacha bacha janata hai Modi hi hamari aakhari Umid hai https://t.co/PocZ2ZJvD4,hi,Tweet
bhanu_kz,@BBhuttoZardari SUN MAY RAISE FROM WEST MODI WILL NEVER REVOKE ARTICLE 370 NO MATTER HOW MUCH YOU CRY,en,Reply
Thespy58903922,"@DakhsinRoy @ashishbadshah @sardesairajdeep @BBhuttoZardari Yeah some biggest clowns were in jail having good times (Amit Shah) but  they killed some judge and got out , chinta na kar dubara modi shah ko tihar ke chakkar katwaengeğŸ¤«",en,Reply
Kish2802,@rohini_sgh Hence vote for Modi. Kaise bhi ensure Rohini doesnâ€™t get her 3 BHK flat from Scamgress!,en,Reply
RameshMukkera8,@BJP4India Arey modi badkav kaiku ullÃº banarÃ  pablic,ca,Reply
Muthamizhan67,"@supriya_sule @PawarSpeaks @NCPspeaks Had he would been the PM 20 years back , no Modi / Amit shah would have emerged . Cong suffering today due to that . 

He is called in TN as northern state Kamraj . 

What a great politician and always working for the people . 

Long live Pawar saheb . Great man",en,Reply
SumanRoySumanR3,"@news24tvchannel Modi ki raani tum or modi se bada koe jhootha nhi is desh me ,dam h to aadani ke mudda pe bol ,or corona time PM care fund pe bol",in,Reply
MounGolu,@AkhilGo69882941 @KapoorJaiswal5 @DeependerSHooda Beta kuj bolte rho ab to jb to tere modi k chutad pad diye the election se phle kyu mangi maafi election tk wait krda frr pta chlta or rhi up ki bat to waha kisaano ko gribi me rhna acha lgta h or tere jaise chutiya ko bss 5 killo rasn cahaye employment nhi chahiye,et,Reply
DrTLeeBrown,"@j_s_bowen @DrIanHall With India &amp; China accounting for 80% of all active coal projects - New Delhi wedging Beijing would be a bonus.
'The draft if approved by the fed cabinet chaired by PM Modi would make China the only major economy open to fresh requests to add significant new coal-fired capacity'",en,Reply
ibuntyraja,@SupriyaShrinate @kharge This is the level of confidence #Modi ji has givenâ€¦â€¦not what you all rant for the Italian familyâ€¦â€¦sad and very sadâ€¦â€¦#jaishankar https://t.co/SBo1x2jS4B,en,Reply
sonusingh04592,@suryapsingh_IAS Tuche IAS tu kitna bhe ro le par sun ayga to modi he or fir next 5 year rona padega ese he Twitter par,tl,Reply
iamrakeshbr,"@Voice_of_Ind1 We are always with PM Narendra Modi
Modi isn't prime minister he is also heart â¤ï¸ of India #PMModi @PMOIndia",en,Reply
Samaj281,"@mukeshmarda It won't end until there will be end of Modi sarkar
Karnataka will be beginning, remaining MP &amp; Haryana is already supporting congress

BJP will sacrifice every state except Gujarat 
Because of Gujarat files.",en,Reply
ViradiyaVinod,@ikaushikvekaria @AmitShah @CRPaatil @JPNadda @narendramodi @ratnakar273 @BJP4India @BJP4Gujarat @nalinkateel @BJP4Karnataka @mansukhmandviya Modi he to mumkin hai,hi,Reply
Thespy58903922,@ScorpionDoc3 @ashishbadshah @sardesairajdeep @BBhuttoZardari ğŸ¤¡better than being in hitler Modi's circus,en,Reply
SyedRamizSami,@dumbnumb__ Modi ki bhi hen? ğŸ˜‚,hi,Reply
YogeshK12515695,"@RamTyagiHindu @BajrangPunia @geeta_phogat @SakshiMalik @Phogat_Vinesh @sangeeta_phogat Anti modi protest ( pro -  test )
à¤…à¤¬ à¤ªà¤¹à¤²à¤µà¤¾à¤¨à¥‹ à¤•à¥€ à¤—à¤°à¤¿à¤®à¤¾ à¤•à¤® à¤¹à¥à¤ˆ à¤¹à¥ˆ ...
à¤¶à¤°à¥à¤®à¤¿à¤‚à¤¦à¤¾ à¤•à¤¿à¤¯à¤¾ à¤¹à¥ˆ",hi,Reply
bhanu_kz,@MediaCellPPP @BBhuttoZardari @IndiaToday SUN MAY RAISE FROM WEST ARTICLE 370 WILL NOT BE REVOKED BY MODI NO MATTER HOW MUCH YOU CRY,en,Reply
1992_nabin,"Modi g if a child gets cut off from these wires, Godi ji will remain a fakir man, he will pick up his bag and walk Modi jawab Do.",en,Tweet
VijayKa80988629,"@SinghJagender @newsSChaudhry Singh Ji aap retired aadmi ho aapne sab dekha hai phir kyu aap bhi Andhbhakto jaisi baate karte ho.
Kya Modi Ji kabhi majar nahi gaye??
Kya Modi Ji ne chaddar nahi chadai???

Baat Karo muddo per, Aaj Manipur Jal raha hai Modi hi election main busy hai.",hi,Reply
PaganismRocks,@Omaltiso @avidandiya Modi fir Lao development pao,fr,Reply
KiritMShah,"See the development in Banglore -Karnataka by Modi govt.
Congress didn't care for 65 long years. https://t.co/qFesSTw7BH",en,Tweet
Raj_2027,"@NAR_Handle @KTRBRS @KonathamDileep @prakashraaj @pbhushan1 @TRBRajaa @suhasinih @Pawankhera @LambaAlka @srivatsayb Like KCR - All Nonsense and Abusive Language in PRESS MEETS- without taking BJP name or Modi name, he can't win any elections in Telangana.... Example - Munugodu ...",en,Reply
GemsOfAryan,@VidyaKrishnan It's women who have been the pillar of Modi's nationwide support.,en,Reply
PhataaBaans,"@vinaymishra_aap So do you think Modi is responsible for this? 

You should rather think - the person who came as aam aadmi is now doing all illegal things. If you have conscience, just think objectively.",en,Reply
udayworldwide,"@Swamy39 Chances:
1. The person brought the idol has come and interrupted without waiting for his turn
2. Modi said, 'thanks for the gift, keep aside'
3. The person brought on purpose
4. Modi said 'You are too early, wait for a sec.

Praan pratishta not done, no offences",en,Reply
MVinodbjp,"Opinion- Unprecedented increase in coal production during Modi government's tenure, import decreased
 https://t.co/knua9XcQN4

via NaMo App https://t.co/xg6dipA66Z",en,Tweet
AgenziaOpinione,"RAI â€“ RADIO 2 * â€œI LUNATICIâ€:Â SCUDETTO NAPOLI:Â Â« MARADONA? HO CERCATO IN TUTTI I MODI DI STARGLI VICINO, CON LE BUONE E LE CATTIVE Â» https://t.co/GCUGD21nqX https://t.co/BahF0m3pZA",it,Tweet
tdoggyholhol,"@antoniogm @kunal_modi @spindl_xyz How do you assign credit to each channel within the CPV paradigm?

(Common problem with multi-touch attribution: which channel is responsible for which % of user LTV)",en,Reply
simon_mathews13,"Modi u r imposing #Hindi all over India and at the same time @narendramodi wants to trade with #Russia in #Rupee

#Russia not interested to do business in #Rupee bcoz as per the statement of #SergeiLavrov  our banks accounts r in #Hindi 
ğŸ˜­ğŸ¥µğŸ¤¢

https://t.co/7NgXWRMZL1",en,Tweet
AMBIKANANDYADAV,@Kumar1975Rajesh Madam dar to dil me hai modi shah kya karenge,hi,Reply
RaviPadawalekar,@KirtiAzaad Azaad G Kuch B kar lo Aaega Modi He ğŸ˜€ ğŸ˜„.,hi,Reply
THIRUMURUGANBJP,@Chandrumlpt @Modi_Sangi007 @maayonism @TRBRajaa @DMKITwing @ITWreports @Udhaystalin @mkstalin @paramporul @kparanjothi1976 à®à®©à¯à®© à®…à®±à®¿à®µà¯ à®à®ªà®¿à®Ÿà®¿ à®ªà®¤à®¿à®µà¯ˆ à®ªà®¾à®°à¯à®¤à¯à®¤à¯‡à®©à¯ à®…à®¤à®¾à®©à¯ à®µà®¿à®´à¯à®¨à¯à®¤à¯ à®µà®¿à®Ÿà¯à®Ÿà¯‡à®©à¯ https://t.co/irPWoRXMRh,ta,Reply
Vijeshworld,@Tejasvi_Surya dude get a life.  As a MP what are ur duties and what u prefer shows boot licking culture u grew up or policy of the party . If it was some good for public then we could have understood but chat chat chat  modi kee is the song ğŸµ @karnatakacom @BangaloreBuzz,en,Reply
dileepkumar3456,@SupriyaShrinate Are ......kaun hai ye mahilaa ...itni chat rahi hai rahul ki ....Aram se madam kabhi reply bhi dekh liya karo tumare liye to hum hi log kafi hai...kaha aap Modi nadda shah se bhidne jaa rahi hai....wo log to bhigoge ke marenge ğŸ˜‚ğŸ˜‚ğŸ˜‚,hi,Reply
kundanrss,@zoo_bear Narendra Modi doesn't need certification from ISIS sympathizer.,en,Reply
newunitedindia,@RanaAyyub Modi is a wise man ğŸ‘¨,ht,Reply
Ombhimbandabush,"@nessmonster007 @themangoindian Simple bjp can't be number 1 now by just rattling TDP they will be 2 in some years later they will pick the mantle,TDP some how these days jus like Inc gets into trap 2018 Jagan trap of fight against Modi,Now instead of taking on Ycp fighting with BJP(don't you want to be #1 ??)",en,Reply
MVinodbjp,"""Halakki Vokkaliga tribe felt proud..."": Padma awardees after meeting PM Modi in Karnataka
 https://t.co/ZnKGkfSc6l

via NaMo App https://t.co/G5giQuTsi9",et,Tweet
respectful313,"@news24tvchannel Modi enough you can't make more fool to public  
Because public understands your vote gymics",en,Reply
amjadqammar,@ShireenMazari1 showing her full loyalty and support to Modi led India. Government. https://t.co/pogaGVhIvr,en,Tweet
StigmabaseU,"TW :  After 5 Years, Modi Govt Plans to Meet Pharma And Medtech Industry to Discuss Concerns over Pricing...: DPCO and NPPP are the rulebooks for the pharmaceutical and medical device industry which regulates the availability and pricing of medicines andâ€¦ https://t.co/TJnz9sYDPq https://t.co/MyMZijcoZi",en,Tweet
CryptoClayman,@antoniogm @spindl_xyz @kunal_modi ğŸ”¥ğŸ”¥ğŸ”¥,und,Reply
ZioKlint,"@axhelix @Lisa90135765 Non volevo dibattere sui modi efficaci di rispondere se dovesse accadere nella vita reale.
Ponevo l'attenzione su come pervasivamente si denigrino gli uomini in ogni occasione.",it,Reply
KUMARVS724536,"@Tejasvi_Surya @narendramodi Sooooooper..Mahaathmaa Modi ji is in our heart. We always welcome, support and strengthen Mahathmaa Modi ji by converging ourselves with all Modi Ji's Vishwa Kalyan thought process...Jai Hind..Jai Shree Ram.",en,Reply
News18Kannada,"à²®à³‹à²¦à²¿ à²°à³‹à²¡à³â€‹ à²¶à³‹à²—à³† à²•à³à²·à²£à²—à²£à²¨à³†, 13 à²•à³à²·à³‡à²¤à³à²°à²¦ à²®à³‚à²²à²• à²¸à²¾à²—à²²à²¿à²¦à³† à²ˆ à²°à³à²¯à²¾à²²à²¿
#KarnatakaAssemblyElection #NarendraModi #modiroadshow #Bengaluru 
https://t.co/ReB0W3XAis",kn,Tweet
respectful313,"@news24tvchannel During 2014 modi delivered excellent speeches to attract people! Votes
Ache din
15 lakh
Chokidar
2 crorer jobs
Give me 1 chance
Check my report card after year then punish me (modi said)
Videshi dhan

But all waste talking by bjp 
Now each Indian should understand his vote value",en,Reply
mayank141212,"@ArvindKejriwal  Aap kehte the Corona ki vaccine dene me 100 saal lag jayenge,.Haan 100 saal lag jaate agar apke jaise koi Pm hota koi . Modi the ,Issi wajaa se sabko aur bahar import kari vaccine sirf 6 months me .Bolte sab hai ,Karte sirf Modi hai .Modi hai toh sab mumkin hai",hi,Tweet
VIKASHK83944223,@ranvijaylive Aye....jut mat bol main wahi tha ....muskil se 1-2 hajar log hi the waha ..... aur pata nhi modi ji kise haat hila rahe the.,hi,Reply
BaddamMitra,"No one asked fr hang to death
Just demanded fr proper enquiry and justice canâ€™t even capable of doing that, as far as anti-prtsters y isnâ€™t the fir copy public, if the fir is registered why isnâ€™t he arrested, if he hasnâ€™t done anything just go frenquiry with ur modi chathi open https://t.co/AzJ8kMSBgi",en,Tweet
ShaikhNabi1,"@ashoswai Five Special Forces soldiers were killed in action in Rajouri sector yesterday.

Condolences Tweets by 
*Narendra Modi : 0*
Rajnath Singh : 0
Amit Shah : 0
Smriti Irani: 0
JP Nadda: 0

Welcome to Hamare Jawaan Siachen Main Khade Hai Lies?",en,Reply
23_rkj,"@ANI Zhukti hai Duniya Zhukane wala caheye !! Pre 2014 India under MMS jst requested fr peace talks wit Pak on kashmir , post 2014 forget this side land , nw its qll abt POK , tables hv turned. ...wont be surprised if some day Modi ji choose to Occupy PoK again .",en,Reply
Animesh84859668,"@SureshChavhanke Uttrakhand me Mahoday jo waha demographic change ho raha,atikraman  ho raha majaro ke naam pe or Modi gov bhi kuch nahi us pe kya aap logo ko jagruk karenge?",hi,Reply
ShardulWandile,"Modi is so desperate that instead of talking about Karnataka and Kannadigas, he is talking every nonsense thing.!!
#KarnatakaAssemblyElection2023 https://t.co/TzpTztCw0L",en,Tweet
oFFMetaSweat,"@antoniogm @spindl_xyz @kunal_modi Is he writing docs on gitbook while crushing beers, chad movements",en,Reply
bduujopcsq,@SCMPNews The level-headed Modi administration may see the need to take a hard line on Beijing over disputed border but they also know very well when to take the heat out of it.,en,Reply
annageo47865618,@RoopaliSriv Modi era and Manmohan era has significant differences. In a democracy we need an approachable leader who does what's right not a self declared King. The second may seem strong but as we have evolved as a society we have chosen democracy. So let's think who's evolved.,en,Reply
RameshMukkera8,@Arvindharmapuri dhonga badkav modi à°®à±€à°•à± givvi à°¤à°ªà±à°ªà°¾ à°®à°¿à°¦à°—à±à°—à°° Ami à°²à±‡à°¦à°¾à°¨à°¿ à°®à°•à± à°¤à±†à°²à±à°¸à± jai à°¶à±à°°à±€ à°°à°®à± jai hanuman givve world lo fast PAPULESHAN lo IndiağŸ‡®ğŸ‡³ğŸ‡®ğŸ‡³,et,Reply
MsFuddleDuddle,"@handsomey @bruce_arthur @JustinTrudeau Because he is waiting for David Johnston to finish his work. As should everyone else.

Also, FI is not just â€œChina.â€ How about Russia and the GOP backing the convoy and Harper rubbing elbows with despots like Modi and Orban?",en,Reply
modi_will_win,@ayusnl60 @ShubhamShuklaMP ye kaun se kanun hai madhar jat ki jiska kabja uski jameenâ€¦kal ko teri behan ki ch*t par maine kabja kar liya to kaya wo meri ho jayegee,hi,Reply
_o_s_a_m_a,@antoniogm @spindl_xyz @kunal_modi 1 of 1 rare this one,en,Reply
eng_singh,@jagats299 @kareena_kpn Ravish sarkar ki galat nitiyo ka virodh krta hai...chahe modi ho ya congress...,hi,Reply
BossPyare,@EmmanuelMacron @narendramodi Tha priminister of Narendra Modi is best popular in India.,ro,Reply
Turakhia4Yuvraj,"Opinion- Unprecedented increase in coal production during Modi government's tenure, import decreased
 https://t.co/VasCUcBNbl

via NaMo App https://t.co/wd02vyHx0L",en,Tweet
msnindia,Hang me the day you find my involvement in corruption of single paisa: @arvindkejriwal to @narendramodi https://t.co/OBX7ML7nIz,en,Tweet
KrushnaPrasadC8,"@MP_NavneetRana Agle PM banenge. Matlab, Modi Ji ke baad.",et,Reply
akid20079,"@LambaAlka @narendramodi What Narendra Modi did in his speech is against Supreme Court Guidelines to take action against those who spread hatred. Kerala Story is Islamphobic and against Muslims.  FIR must be against PM and the actress, producer, and director. Awaiting @asadowaisi to take action.",en,Reply
BanoUkila,Kiya dara narndar Modi ka https://t.co/NFCIEssQQe,in,Tweet
bagga1957,"@news24tvchannel @JPNadda jhuth mat faila, sari Dunia thu thu kar rahi hai Narendra Modi ke uper,  isiliye ko sikka jamana kehte hai,  s..ar ki namaste aulad.  Besharm gandi nali ke reed viheen kide.",hi,Reply
IamHossainn,"@aajtak @chitraaum Last me ek question mar dal ke sare modi ke chamche BJP ke baat karta hai..dalle 

Aise questions mark dalke hum bhi Bohot kuchh keh sakte hai @chitraaum https://t.co/lnfZGZBcpw",hi,Reply
ManeL_B2B2C,"@Verifeid_Real @Swamy39 Is that a laughing matter Ashok?
How mature are you?
what if that happened to your daughter?
Would you laugh?
Be sensible before you write to someone on family related issues, (those qualities belong to Modi Bhakths only!)",en,Reply
mayank141212,@ArvindKejriwal Jhut ki Bhi Seema hoti hai .Modi ji Pm hai unhone ne apni family me kisi ko benefit nai diya aur Ap jo bolte uska koi prooof nai hota . Aapki party ke mantri chor hai .Modi ko koi nai haata sakta .Woh khud aaye hai khud jayenge .,hi,Tweet
AkramaMianoor,Hum apne Al-Canon se Modi ki nangi video leak karke India ko munh torr jawab denge https://t.co/h1ZnFf6Cxq,in,Tweet
Varsha_thanjai,@Modi_Sangi007 @AnalmskSiththan ğŸ˜ğŸ˜,und,Reply
Varsha_thanjai,@AnalmskSiththan @Modi_Sangi007 ğŸ˜ğŸ˜,und,Reply
RAVIDEE57128816,@randomsena Je vi Modi ka palto Hai,it,Reply
ARAVIND76073923,@BlrNirmal BJP is the only hope for the people and the Nation for better tomarrow under the dynamic leadership of  our Hon'ble PM Shri Narendra Modi Ji and His most efficient cabinet team members.,en,Reply
avitaurus,@TajinderBagga @PunjabPoliceInd @ArvindKejriwal @TimesNow Kidnap kahan hua tha ? Modi Shah Tere do do Baapo ne bacha liya tha.,hi,Reply
abhishekmspatil,@Deepali_p @atullondhe Bjp is not trying to get secular votes. They will lose because even hardcore bjp supporters also would ditch them. That is why modi/irani etc are focused on stirring up hindu sentiments. Painting a picture that congress is only pro-muslim. This is their last resort.,en,Reply
DissentPiyush,"@chaos_prevails @zoo_bear @Aakar__Patel @ashoswai @B5001001101 @Cryptic_Miind @PriaINC wow brand new laid roads! wish Modi also visits Kasavanahalli aread, that area badly needs roads",en,Reply
Shruti92774455,@iampremkurien @narendramodi @amitmalviya Rahul being spontaneous is working for Modi.,en,Reply
Parimala4488,@annamalai_k @INCIndia @narendramodi Kids also like Modi Jiâ¤,en,Reply
Turakhia4Yuvraj,"""Halakki Vokkaliga tribe felt proud..."": Padma awardees after meeting PM Modi in Karnataka
 https://t.co/BcrRylNnoD

via NaMo App https://t.co/OLy8OUvo6w",et,Tweet
BankiMistry,@RoflEpicDon It's modi Eshtyle ...,ht,Reply
KPNarayanan1,"PM Modi  reacted to the ongoing controversy over the film 'The Kerala Story' saying thatÂ the movie is based on a terror conspiracy. Addressing a rally in Ballari of Karnataka, PM Modi said 'The Kerala Story shows the ugly truth of terrorism and exposes the plans of terrorists.",en,Tweet
yamin0051361,@Anshu_amethibjp @newsSChaudhry Jab modi ji hanuman bhakti ka mukhota laga sakte hai tab....,hi,Reply
JustnEqual4all,"The brown man is hellbent to jump the queue. Modi, Sunak &amp; Kamala maybe Haley together form a potent force to stop the â€œsick man of Asiaâ€ from overtaking their bosom buddy the white man. The brown man feels after centuries under the white manâ€™s rule heâ€™s white like the white man.",en,Reply
geahtfg,@muktesharma Modi jiğŸ˜‚,in,Reply
rams_is_me,@Tejasvi_Surya Future Modi and future Tejasvi!!,et,Reply
BaggaBagree,"Dr @Swamy39,
Please from Congress &amp; Jaitley faction of BJP keep saying that 2G scam is overrated &amp; the loss was Notional.

For protecting the corrupt, I feel 

Modi hai to mumkin hai.
Sonia hai to Nischit hai.
à¤®à¥‹à¤¦à¥€ à¤¹à¥ˆ à¤¤à¥‹ à¤®à¥à¤®à¥à¤•à¤¿à¤¨ à¤¹à¥ˆà¥¤
à¤¸à¥‹à¤¨à¤¿à¤¯à¤¾ à¤¹à¥ˆ à¤¤à¥‹ à¤¨à¤¿à¤¶à¥à¤šà¤¿à¤¤ à¤¹à¥ˆà¥¤ https://t.co/hleHiTwtrG",en,Tweet
Aditya88988,"@RituRathaur The question is, are #MeiteHindus wearing bangles that they can't reciprocate to them? Till when we hindus be dependent on Modi Yogi ji! No one save if you don't help yourself. War is knocking ur door and you pity running away. It won't stop unless you responde them.",en,Reply
poswalchanky97,@Jatassociation Baat shi hai bhaii ji Jo galat ho karlarvaai honi chaaiye pr vha harsh chikkara jaise log modi ji ko pta ni kya kya khre  ye log modi ji ko bich mai kyu laatey hai,hi,Reply
dinathanthi,"à®ªà®¿à®°à®¤à®®à®°à¯ à®®à¯‹à®Ÿà®¿ à®ªà®¿à®°à®¾à®©à¯à®¸à¯ à®šà¯†à®²à¯à®•à®¿à®±à®¾à®°à¯ à®¤à¯‡à®šà®¿à®¯ à®¤à®¿à®© à®•à¯Šà®£à¯à®Ÿà®¾à®Ÿà¯à®Ÿà®¤à¯à®¤à®¿à®²à¯ à®šà®¿à®±à®ªà¯à®ªà¯ à®µà®¿à®°à¯à®¨à¯à®¤à®¿à®©à®°à®¾à®• à®ªà®™à¯à®•à¯‡à®±à¯à®ªà¯

https://t.co/94GANN6DB7

#PMModi",ta,Tweet
BadaamKulfi,"@sardesairajdeep @BBhuttoZardari https://t.co/ZHp1Y2Bhk3

Wow â€¦ we have another lion in India besides Modi Jee  â€¦ brilliant Sir Jai Shankar â€¦ Bharat Ratna â€¦ ğŸ‘ğŸ¼ğŸ‘ğŸ¼ğŸ‡®ğŸ‡³ğŸ‡®ğŸ‡³ğŸ‡®ğŸ‡³",en,Reply
axhelix,@ZioKlint @Lisa90135765 Riguarda la tavoletta basta rispondere che Ã¨ lei a non saperla alzare. Sulla masturbazione ci sono altri mille modi creativi che perÃ² evito di dire.,it,Reply
antonio_Gr3c0,Grande @sscnapoli sapete sempre come festeggiare nel migliore dei modi. Guardate bene in bassoğŸš â„ï¸ ğŸ‘ƒğŸ¼ https://t.co/w0FUUa2lcx,it,Tweet
avbagur,.... But Modi is facist!!!! ğŸ˜¡ğŸ˜¯ https://t.co/zaoFObh6u9,en,Tweet
hmzaidi,@MashwaniAzhar We are eliminating Modi's proxies in Pakistan. The ground work laid by Israel and the West through Imran Khan is being eradicated. Sit down!,en,Reply
Buddhip93026394,@newsSChaudhry Inka kya hai Modi h tab Tak h fir kon puchega islia  ase byan karte rhte hai fir bjp to aane wale nhi hai yeh wahi gass wale unte,in,Reply
AtmnirbhrBhakt,"@aavishhkar @Cinema_With_PRD PM Modi tak Karnataka chunav mein is film ko promote kar rahe hain..
BJP ka pura IT cell is film ko social media par promote kar raha hai...
Iski sponsored screening dikhai jaa rahi hai kai states mein..
Aur kitna  promotion chahiye",in,Reply
TheHansIndiaWeb,Congress nurtured &amp; gave shelter to terror: PM Narendra Modi #Karnataka #Ballari #NarendraModi #BJP #KarnatakaElections #Congress https://t.co/Nf39oswTn4,en,Tweet
1992_nabin,such governments should be on fire and such should be on fire no More BJP Modi failed india,en,Tweet
DrRajeshModi1,"https://t.co/MazTnQoz6I
Ehsan tera hoga muz par(1)#moh.rafi#Dr.Rajesh Modi#beautiful beats#lovely lyrics #melody #goviral #wear headphones or earphones for better audio #no copyright only entertainment",en,Tweet
Udhaar_Ki_Bidi,"@zoo_bear Kitna bhi ro lo, ayega to Modi hi ğŸ˜‚ğŸ˜‚ğŸ˜‚ Propaganda machine @zoo_bear member of peaceful puncture community",tl,Reply
prabhashashi,@JAVED0909 @AmitShah Likewise Modi castigated cow protectors as vigilante. Typical politician! I guess they know that groups like Bajrang Dal &amp; gau Raksha Dals are reaction to civilisational attacks from barbarians.,en,Reply
im_Senegalaise,@ndione_ada Ohh massa way mÃ©tina trop mais garabag dÃ© modi niaka dioudd adouna moni mel rek walahii yalnala yallah may xolou mogn quelque soit alpha ne baisse jamais les bras yallah kharÃ© lÃ©n aldiana firdawsi si barkÃ© Taha ya rabii,fr,Reply
imtbshah,"@ANI Modi to Bhakts :- Dekha mitro'n kaise election ki Rukh Mod diya. 
Saara dhyaan corruption, commission, infrastructure aur development se hata kar.
#Bajrangbali 
#keralaFiles aur #91Galiyon pe le aaya. 
Propaganda movie ka Sahara Lena pad raha hai ğŸ¤¦ğŸ¤¦
@RoflGandhi_",tl,Reply
BhanuSa86942491,"@aajtak Jo anpad gawaar log hai wo Modi ji ke pichhe pad jayenge lekin jo log sach jante hai wo in murkho ki baaton Mai nahi aayenge, kyuki ab desh janta ko pata hai kya karna hai or kya nahi",hi,Reply
AasaiThilipan,@Modi_Sangi007 @maayonism @TRBRajaa @DMKITwing @ITWreports @Udhaystalin @mkstalin @paramporul @kparanjothi1976 à®à®©à¯à®© à®’à®°à¯ à®ªà¯à®¤à¯à®¤à®¿à®šà®¾à®²à®¿à®¤à¯à®¤à®©à®®à®¾à®© à®•à¯‡à®³à¯à®µà®¿...?,ta,Reply
PuthraBharath,"@ARanganathan72 @RSF_inter America is already into action through this RSF funded by @georgesoros .  He already pumped in 1 billion USD (8000 crores) into India.  If need be, he will pump in 10 billion USD, to bring down the Modi's regime.",en,Reply
soulofsahara,"Kerala story distracts from wrestlers' protest &amp; BJP corruption cases. Kerala story authenticity questionable, taken from deleted website. Accused pedophile Brij Bhushan not investigated. Modi violates election rules &amp; politicizes Kerala story. Will India address issues?",en,Tweet
rohit_manhas,@CrazyUnited10 @Starboy2079 @ashish75757575 @ManishaSagar18 @BhawanaKishore @narendramodi Abb iski bolti band.. Modi is more dangerous than any other politician for General Category..,en,Reply
tea_n_beer,@ranvijaylive Bichare RV ki halat kutton wali ho gayi haiâ€¦ din raat Modi ke peeche sunghte hue ghumta rahata hai,hi,Reply
AK_Bharat_News,"@_amitbehere ğŸ’¯
Except it's not just brahmins anymore. Generally uppercaste and/or rabid Hindu men. Look at Yogi and Modi. Both aren't brahmins, they don't miss a blink to exploit religion.",en,Reply
abhishekmspatil,@AtishiAAP Modi is 100% occupied in karnataka election. At present there is noone looking after government.,en,Reply
Davesin64020032,@SanjayAzadSln Only chor or juthy log pereshan hen. Modi Jindabaad,et,Reply
ZubairAhamedAh1,@prajavani Bukali Faku Modi chakka irbahudu adakke tanna hendatige mane inda odsiddane Ugrappa Sir....,et,Reply
cak333010321,@cs_nkarthik @indhavaainko Ask Modi ji to tell the same to christian nation ğŸ˜‚,en,Reply
RameshMukkera8,@Sagar4BJP west fellow Ã­s mÃ³di,is,Reply
orioncar,"Dehradun: Students reportedly fined for not listening to PM Modiâ€™s â€˜Mann Ki Baatâ€™

Parents also showed screenshot of orders issued by school management in WhatsApp group

Is this new india doesn't want to listen mann ki bakwas who the hell will listen to us",en,Tweet
antoniogm,"Pushing code at a bar, as the startup gods require: @spindl_xyzâ€™s CTO @kunal_modi . https://t.co/kyyVs0Y2oc",en,Tweet
TulsiDasKha,@theskindoctor13 Modi hai to mumkin hai,hi,Reply
Appadurai1N,"People of India is seeking SC to take the law in your hand .Don't know if it comes to your door steps as both HM PM are dancing at karnataka.
Indians raise your voice against  the failure  of Modi sought SC direct  intervention
Citizens support the call 
Law is for all 
Arrest HM",en,Reply
Rickyybehal,"@prakashraaj The kerala story (a propaganda film)  movie is produced by pmo in association with NDDM (Narender damodar das Modi) like kashmir files 
to create communal riots in this country for political purposes. That's all.",en,Reply
Appadurai1N,"General public of India appeal to sc Manipur is flaming
HM is dancing at karnataka
PM is inciting with bajrangi 
https://t.co/gXMtHQvjPB",en,Tweet
HussainRakid,"Wht he promised to people of Manipur &amp; what his government did to Manipur ! 
Never fall for Modiâ€™s fake promises &amp; fake love Law &amp; order has worsened, and violence has erupted in #Manipur. We hope peace is restored in the state. #Manipur_is_burning https://t.co/W27SOD66Ko",en,Tweet
NhViralNews,@KashifArsalaan Modi ji to karnatka me busy hain karega kon?,in,Reply
ZubairAhamedAh1,@publictvnews Bukali Faku Modi grampanchayati gu nalayak thuu,in,Reply
FirdousHazim,"@AJEnglish It is quite surprising as I live in India, i am unaware of this news as no local news channel is reporting it. It is unfortunate boot lickers of Modi are trolling Al Jazeera for tweeting the news and not local Godi Media  who even are not talking about it.",en,Reply
jpgupta88,@ranvijaylive Chinta mat karo Tukade par palane vale Patalkar!! Modi ji tweet nhi karte h Vo sidhe action lete h ...,et,Reply
Indian_first_m,Yakanna modi rally roadshow Inda asta Baya na https://t.co/DQ4Tlpysct,in,Tweet
RoopLal98940471,@news24tvchannel Modi ji ke bad aaega to yogi Ji hi yah Bharat ki Janata Ne Tay kiya hai  Hindu rashtra banana hai,hi,Reply
mm12345678920,@SanggitaT Modi is fighting hard to get Nobel peace prize and also for popularity...,en,Reply
Gohul19,"@Modi_Sangi007 @maayonism @TRBRajaa @DMKITwing @ITWreports @Udhaystalin @mkstalin @paramporul @kparanjothi1976 à®‡à®²à®™à¯à®•à¯ˆà®¯à®¿à®²à¯ à®‡à®°à¯à®¨à¯à®¤ à®‡à®°à¯à®•à¯à®•à®¿à®± à®¤à®®à®¿à®´à®°à¯à®•à®³à¯à®•à¯à®•à¯ à®ªà¯‡à®š à®µà®¾à®¯à¯à®ªà¯à®ªà¯ à®‡à®°à¯à®•à¯à®•à¯ à®à®©à¯à®±à®¾à®³à¯ à®…à®™à¯à®• à®ªà®•à¯à®•à®®à¯ 4 à®ªà¯‡à®°à¯ 4 à®•à®¤à¯ˆ à®šà¯Šà®²à¯à®²à¯à®•à®¿à®±à®¾à®°à¯à®•à®³à¯, à®à®™à¯à®•à®³à¯ à®ªà®•à¯à®•à®®à¯ 4 à®ªà¯‡à®°à¯ 4 à®•à®¤à¯ˆ à®šà¯Šà®²à¯à®²à¯à®•à®¿à®±à®¾à®°à¯à®•à®³à¯. à®…à®µà®³à¯‹ à®¤à®¾à®©à¯. à®‡à®µà®°à¯à®•à®³à¯à®®à¯ à®¤à®®à®¿à®´à®°à¯à®•à®³à¯ à®¤à®¾à®©à¯‡.",ta,Reply
njkenny,"This is India, Imbalanced India !

What did MODI Said in 2014 ?

Shame on Voters for choosing Such DEALERS  ! https://t.co/86AkVnpxwW",en,Tweet
OpIndia_com,"Mamata Banerjee randomly talks about unrelated historical figures while furthering rumours of Modi govt removing Mughal history from textbooks

https://t.co/weBMwTE73H",en,Tweet
OpIndia_in,"à¤ªà¥€à¤à¤® à¤®à¥‹à¤¦à¥€ à¤¨à¥‡ à¤•à¤°à¥à¤¨à¤¾à¤Ÿà¤• à¤µà¤¿à¤§à¤¾à¤¨à¤¸à¤­à¤¾ à¤šà¥à¤¨à¤¾à¤µ à¤®à¥‡à¤‚ à¤ªà¥à¤°à¤šà¤¾à¤° à¤•à¥‡ à¤¦à¥Œà¤°à¤¾à¤¨ à¤•à¤¹à¤¾ à¤•à¤¿ à¤•à¥‰à¤¨à¥à¤—à¥à¤°à¥‡à¤¸ à¤¨à¥‡ à¤†à¤¤à¤‚à¤•à¥€ à¤—à¤¤à¤¿à¤µà¤¿à¤§à¤¿à¤¯à¥‹à¤‚ à¤•à¥‹ à¤…à¤‚à¤œà¤¾à¤® à¤¦à¥‡à¤¨à¥‡ à¤µà¤¾à¤²à¥‹à¤‚ à¤•à¥‡ à¤¸à¤¾à¤¥ à¤°à¤¾à¤œà¤¨à¥€à¤¤à¤¿à¤• à¤¸à¥Œà¤¦à¤¾ à¤•à¥€à¥¤

https://t.co/58Z67BBslM",hi,Tweet
thecaravanindia,"The India-Pakistan talks under Manmohan Singh to seek â€œa final settlement with Pakistan on Jammu and Kashmirâ€ were different from earlier initiatives in a significant manner: Singh wanted a solution â€œthat did not entail redrawing borders.â€

https://t.co/pVhiHJDj4r",en,Tweet
BankiMistry,"@PTI_News à¤­à¤¾à¤œà¤ªà¤¾ #USP #EPIC #SOP #Toolkit ;
modi Eshtyle policy ,
BJP Eshtyle policy ,
à¤®à¥‹à¤¦à¥€ à¤›à¤¾à¤ª à¤ªà¤¦à¥à¤§à¤¤à¤¿ ,
à¤­à¤¾à¤œà¤ªà¤¾ à¤›à¤¾à¤ª à¤ªà¤¦à¥à¤§à¤¤à¤¿ :
à¤à¥‚à¤  à¤¬à¥‹à¤²à¥‹ ,
à¤¬à¤¾à¤° à¤¬à¤¾à¤° à¤¬à¥‹à¤²à¥‹ ,
à¤¬à¥‹à¤²à¤¤à¥‡ à¤°à¤¹à¥‹ à¥¤
à¤¬à¤¦à¤¬à¥‹à¤ˆ à¤•à¤°à¥‹ ,
à¤•à¤°à¤¤à¥‡ à¤°à¤¹à¥‹ ,
à¤¬à¤¾à¤° à¤¬à¤¾à¤° à¤•à¤°à¥‹ à¥¤
à¤‡à¤¤à¤¨à¤¾ à¤¬à¥‹à¤²à¥‹ à¤•à¤¿ à¤²à¥‹à¤— à¤à¤¸à¥€ à¤¬à¤¾à¤¤à¥‹à¤‚ à¤•à¥‹ à¤¹à¤•à¥€à¤•à¤¤ à¤®à¤¾à¤¨à¤¨à¥‡ à¤²à¤—à¥‡ ...
à¤®à¥‹à¤¦à¥€ à¤­à¤¾à¤œà¤ªà¤¾ à¤•à¤¿ à¤¸à¤‚à¤¸à¥à¤•à¤¾à¤°à¥€ à¤ªà¤¦à¥à¤§à¤¤à¤¿ à¥¤à¥¤",hi,Reply
ArmchairMama,"@Tejasvi_Surya Sir ... Please bring Modi ji to Koramangala.... He must visit the epic monument that is Ejipura Flyover.  @narendramodi

#40PercentBJPSarkara
https://t.co/8Ub55gl9Ht",en,Reply
ravishyni,@vinaysreeni @BBMPCOMM @BJP4Karnataka @anusharavi10 @LavanyaBallal @mondalsudipto @ShyamSPrasad @srinualavilli @TVMohandasPai @yogeeshgp Branches not tree.. and cutting too much  extended branches is ok. Not for modi but for road...,en,Reply
Mishra470Saket,@zoo_bear Av Pakistan par 2-4 bomb girega to kch log phr saboot mangegeğŸ˜‚ğŸ˜‚ğŸ˜‚modi condolence nahi action me viswas krte ...,tl,Reply
VijayTi13937214,@AamAadmiParty @ArvindKejriwal Kejariwal pani pipi ke daily gali de Raha hai modi ji ko,in,Reply
007_summit,"Dear hindus,

â€¢You watched what happened with Kashmiri Pandits in Kashmir Files

â€¢You watched what happened with hindu girls in kerela Story.

Support Modi else your state will be next FILE, next STORY .

Sincerely a Hindu ğŸ™",en,Tweet
AmitRan42005163,@narendramodi modi à¤œà¥€ à¤¹à¤®à¤¾à¤°à¥‡ à¤¬à¤¾à¤—à¤ªà¤¤ à¤œà¤¿à¤²à¥‡ à¤•à¥‡ à¤¬à¤¸à¤¾à¤Ÿà¥€à¤•à¤°à¥€ à¤—à¤¾à¤à¤µ à¤•à¥‡ à¤–à¥‡à¤¤à¥‹ à¤®à¥‡à¤‚ à¤œà¥‹ à¤®à¥€à¤¤à¤²à¥€ à¤°à¤œà¤µà¤¾à¤¹à¤¾ à¤¹à¥ˆ à¤‰à¤¸à¤•à¤¾ à¤ªà¤¾à¤¨à¥€ à¤ªà¤¿à¤›à¤²à¥‡ à¤šà¤¾à¤° à¤¸à¤¾à¤² à¤¸à¥‡ à¤—à¤°à¥à¤®à¤¿à¤¯à¥‹à¤‚ à¤•à¥‡ à¤®à¥‹à¤¸à¤® à¤®à¥‡à¤‚  à¤¹à¤®à¤¾à¤°à¥‡ à¤—à¤¾à¤à¤µ à¤•à¥‡ à¤–à¥‡à¤¤à¥‹ à¤¤à¤• à¤•à¤­à¥€ à¤¨à¤¹à¥€à¤‚ à¤ªà¤¹à¥à¤šà¤¤à¤¾ à¤¹à¥ˆà¥¤ à¤Šà¤šà¤¿à¤¤ à¤•à¤¾à¤°à¥à¤¯à¤µà¤¾à¤ˆ à¤•à¤°à¤µà¤¾à¤¯à¥‡à¤‚ à¤¤à¤¾à¤•à¤¿ à¤ªà¤¾à¤¨à¥€ à¤¹à¤®à¤¾à¤°à¥‡ à¤—à¤¾à¤à¤µ à¤•à¥‡ à¤–à¥‡à¤¤à¥‹ à¤¤à¤• à¤ªà¤¹à¥à¤‚à¤š à¤¸à¤•à¥‡à¥¤ à¤­à¥‚à¤®à¤¿à¤—à¤¤ à¤œà¤²à¤¸à¥à¤¤à¤° 90 à¤«à¥€à¤Ÿ à¤¹à¥ˆ à¤¹à¤®à¤¾à¤°à¥‡ à¤—à¤¾à¤à¤µ à¤•à¤¾,hi,Tweet
harrixon3d,"@SatyaPrPati @ANI Modi say kehna 20, 30 rupay tum ghareebo main bhi baant de apni trillion dollar economy main su nikal k ğŸ¤­ğŸ˜†ğŸ˜‚ https://t.co/EnaGk9nhWy",in,Reply
raghu_cc,"@Nithish07611895 @FarziCricketer That's still about half of Narendra Modi stadium. Unless you have statistics to prove what percentage of seats are sold out, it's pointless to argue by what you saw at one game against a poorly performing team with no Indian star players.",en,Reply
julyone_modi,@dennis_dacunha https://t.co/4fJb20HZ3h,und,Reply
GopalAneNenu,@SSMBsWarrior @gujarat_titans Em le Modi hai cup hai again modi team kada anta script adi inkosari cup kosam,in,Reply
BaggaBagree,@CoolRajatraj83 @Swamy39 @pGurus1 Or Modi's promise to Sonia &amp; Chiddu!,en,Reply
DrMuhammadShaz1,Modi stop genocide in kashmir by RSS hindu terrorists and 1000000 Indian army ğŸ‡µğŸ‡°ğŸ‡µğŸ‡°ğŸ‡µğŸ‡° https://t.co/NUMKSak3u2 https://t.co/eNDDfmw6Dr,da,Tweet
theLyallpurwala,@Huk06 @shaykshack @munawarshaikh92 agree that modi never wanted any real sort of camaraderie. Don't agree with the onus bit. They are doing so well w/o us. We have not much to offer to them. Domestic political benefits triumph any miniscule economic gains which normalisation with Paxtan will bring.,en,Reply
PankajG92446870,@anuraagmuskaan Modi ke against aya tha tm jse chamcha ka pichwada m dard ho raha tha,hi,Reply
cheeniarora,"Audacity of a PM in a democratic country, who doesn't care two hoots about even addressing this issue. If you are still confused between love for modi vs Islamophobia, you are anyways doomed. In 2024 there wd be  no constitution, no democracy and thereby no need of bhakts either. https://t.co/gbtCzfSwPv",en,Tweet
AAPBihar,"Border State à¤•à¤¿à¤¸à¤¸à¥‡ à¤¸à¤‚à¤­à¤² à¤¨à¤¹à¥€à¤‚ à¤°à¤¹à¤¾â“ï¸

Modi-Shah à¤•à¥‹ @ArvindKejriwal- @BhagwantMann à¤•à¥€ à¤œà¥‹à¤¡à¤¼à¥€ à¤¸à¥‡ à¤¸à¥€à¤–à¤¨à¤¾ à¤šà¤¾à¤¹à¤¿à¤ à¤•à¤¿ â€˜Border Stateâ€™ à¤•à¥ˆà¤¸à¥‡ à¤¸à¤‚à¤­à¤¾à¤²à¥‡ à¤œà¤¾à¤¤à¥‡ à¤¹à¥ˆà¤‚à¥¤

#Manipur https://t.co/8BDvibocWF",hi,Tweet
vishnuinc,"à°•à±‡à°µà°²à°‚ à°“à°Ÿà±à°² à°•à±‹à°¸à°®à±‡ à°¦à±‡à°µà±à°¡à°¿à°¨à°¿ à°µà°¾à°¡à±à°•à±à°¨à±‡ à°®à±‹à°¡à±€à°•à°¿, à°¨à°¿à°œà°®à±ˆà°¨ à°­à°•à±à°¤à±à°²à°¨à± à°—à±Œà°°à°µà°¿à°‚à°šà°¡à°‚ à°à°²à°¾ à°¤à±†à°²à±à°¸à±à°¤à±à°‚à°¦à°¿...  
#Wrestlers #India #Modi #India #Karnataka #Jantarmantar #Trending #Viral https://t.co/No70lxC3T8",te,Tweet
rkgurukulum108,@MithilaWaala Whole country is burning but maulana modi is busy in triptikaran,en,Reply
vjsvishu2,@iamsayeedrahman @ssaahebup85 @ani_digital @ANI but modi to innocent hai court ke hisaab seğŸ‘€,en,Reply
laltusahu1,"@iqrachaudhry__ Maine bhi Modi ko woh Quran kuch Padhye dekha hai aur chadar chadhate dekha hai.
To hum log isko kya samjhe .",hi,Reply
Raja13522992,"@KachhawaGayatri @SupriyaShrinate Nehi Madam,khali Rahul Gandhi nehi lekin jab Modi khatre me ate hay usko bachane k liye. If u can stand tall till the last second of the election process then modi and his government can b thrown out on next election.",en,Reply
rickthereformer,@sharad07077774 @nowwakeup1982 @INCIndia @RahulGandhi Rote raho ayega to phir Modi hi,hi,Reply
immanojjain,à¤¬à¤šà¥à¤šà¥‹à¤‚ à¤•à¥‡ à¤¸à¤¾à¤¥ à¤ªà¥à¤°à¤§à¤¾à¤¨à¤®à¤‚à¤¤à¥à¤°à¥€ à¤®à¥‹à¤¦à¥€ à¤•à¤¾ à¤¦à¤¿à¤² à¤›à¥‚à¤¨à¥‡ à¤µà¤¾à¤²à¤¾ à¤¸à¤‚à¤µà¤¾à¤¦ ! #NarendraModi #HamaraPM #Modi https://t.co/knxi6hRoGN,hi,Tweet
BaggaBagree,"Modi hai to mumkin hai.
Sonia hai to Nischit hai.

à¤®à¥‹à¤¦à¥€ à¤¹à¥ˆ à¤¤à¥‹ à¤®à¥à¤®à¥à¤•à¤¿à¤¨ à¤¹à¥ˆà¥¤
à¤¸à¥‹à¤¨à¤¿à¤¯à¤¾ à¤¹à¥ˆ à¤¤à¥‹ à¤¨à¤¿à¤¶à¥à¤šà¤¿à¤¤ à¤¹à¥ˆà¥¤ https://t.co/ZYgs29hFZ5",und,Tweet
JhonMadkam68041,@adah_sharma Who is modi,en,Reply
ssk14kalsi,@narendramodi Manipur.... Modi Manipur.. Modi...,hi,Reply
Joginde50924039,"@hajipurrajesh @manojkjhadu @NewIndianXpress @TheMornStandard President will also do same action. I think Respected Ram Nath, Murmur r not above modi/HM. Every one know butâ€¦â€¦",en,Reply
jokamble,"@RanaAyyub Forget about Modi...you tell what's true and what not in this movie
Tell us ISIS doesn't exist, tell us that not a single person from Kerala joined ISIS, tell that no woman was trapped n sent to Syria to serve ISIS
USE YOUR WORDS n TELL",en,Reply
modi_h1,@Balfaqih_ @_abdllhB Ù‡Ù‡Ù‡Ù‡Ù‡Ù‡Ù‡Ù‡Ù‡Ù‡Ù‡Ù‡Ù‡Ù‡Ù‡Ù‡Ù‡Ù‡Ù‡Ù‡Ù‡Ù‡Ù‡Ù‡Ù‡Ù‡Ù‡Ù‡Ù‡Ù‡Ù‡Ù‡Ù‡Ù‡Ù‡Ù‡Ù‡Ù‡Ù‡Ù‡Ù‡Ù‡Ù‡Ù‡Ù‡Ù‡Ù‡Ù‡Ù‡Ù‡Ù‡Ù‡Ù‡Ù‡Ù‡Ù‡Ù‡Ù‡Ù‡Ù‡Ù‡Ù‡Ù‡Ù‡Ù‡Ù‡Ù‡Ù‡Ù‡Ù‡Ù‡Ù‡Ù‡Ù‡Ù‡Ù‡Ù‡Ù‡Ù‡Ù‡Ù‡Ù‡Ù‡Ù‡,ar,Reply
AnandKamate12,@SyedF_official @narendramodi Don't worry about the expenses dude. Concentrate on what Modi ji says.,en,Reply
vinunie,@rssurjewala We can see your frustration due to Modi wave across.  Burnol moment is it?,en,Reply
_abdllhB,@Balfaqih_ @modi_h1 ğŸ˜‚ğŸ˜‚ğŸ˜‚ğŸ˜‚ğŸ˜‚,und,Reply
AshishY96440811,@UnityJat #Modi_Hatao_Desh_Bachao,und,Reply
Shrivishnu30,"@LoksattaLive If Modi was half as brutal as Hitler, @prakashraaj would have got umbrella opened inside his a$$.",en,Reply
Raghavsin995,@vishaalofficial @DeependerSHooda Tu bjp k chat le tere jise na to ya halat krwa di gobar khan lenge but aayega to modi hi,in,Reply
vijmn,"Normies give cover to the wackos. So many boring, normal fams do Hanuman Chalisa puja on Hanumanday (Tuesday) but also gobble up Modiâ€™s bullshit, Aaj Tak fearmongering, etc.",en,Reply
shrey_christian,@upblissed @narendramodi  it looks like him Monkey Modi,en,Reply
Dilkhush_Kum_ar,"Bharatvarsh à¤”à¤° Modi à¤•à¥‡ à¤–à¤¿à¤²à¤¾à¤« à¤à¤œà¥‡à¤‚à¤¡à¤¾ à¤šà¤²à¤¾à¤¨à¥‡ à¤•à¥‡ à¤²à¤¿à¤ à¤•à¥à¤› à¤­à¥€ à¤•à¤°à¥‡à¤—à¥‡à¤‚ à¤¯à¥‡ à¤¬à¤¹à¤°à¥‚à¤ªà¤¿à¤, à¤¸à¤¾à¤µà¤§à¤¾à¤¨ à¤°à¤¹à¤¿à¤à¥¤ https://t.co/7ZU3KBJPQA",hi,Tweet
AlertCitizenry,@zubinashara @narendramodi @BJP4India @BJP4Gujarat @JPNadda @mansukhmandviya @CRPaatil @pradipsinhbjp @ratnakar273 @AmitShah But Obama spoke better English than Modi. So Obamacare wins.,en,Reply
ssk14kalsi,@narendramodi Manipur.... Modi...,lv,Reply
RameshSarvta,"â€œModi à¤œà¥€,

à¤œà¤¿à¤¸ à¤¦à¤¿à¤¨ Kejriwal à¤•à¥‡ à¤–à¤¿à¤²à¤¾à¤«à¤¼ à¤à¤• à¤¨à¤ à¤ªà¥ˆà¤¸à¥‡ à¤•à¤¾ à¤­à¥à¤°à¤·à¥à¤Ÿà¤¾à¤šà¤¾à¤° à¤®à¤¿à¤² à¤œà¤¾à¤, à¤šà¥Œà¤°à¤¾à¤¹à¥‡ à¤ªà¤° à¤«à¤¾à¤‚à¤¸à¥€ à¤¦à¥‡ à¤¦à¥‡à¤¨à¤¾à¥¤

à¤²à¥‡à¤•à¤¿à¤¨ à¤¯à¥‡ à¤°à¥‹à¤œà¤¼-à¤°à¥‹à¤œà¤¼ à¤•à¥€ à¤¨à¥Œà¤Ÿà¤‚à¤•à¥€ à¤¬à¤‚à¤¦ à¤•à¤°à¥‹à¥¤â€

â€”CM @ArvindKejriwal https://t.co/8GeMmIXxMT",hi,Tweet
DrMuhammadShaz1,Modi stop genocide in kashmir by RSS hindu terrorists and 1000000 Indian army https://t.co/ffawt3AjdI https://t.co/nnjny6k6lg,da,Tweet
NEWSWORLD555,"Live : PoK à¤•à¥‹ à¤²à¥‡à¤•à¤° PM Modi à¤•à¥‡ à¤­à¤¾à¤·à¤£ à¤¸à¥‡ Pakistan à¤®à¥‡à¤‚ à¤²à¤— à¤—à¤ˆ à¤†à¤— ! PM Shehbaz Sharif à¥¤ Pakistan Crisis - News18 UP Uttarakhand

https://t.co/QrrLWRFg7k",et,Tweet
NEWSWORLD555,"MP Politics: à¤¬à¤œà¤°à¤‚à¤— à¤¦à¤² à¤•à¥‡ à¤®à¥à¤¦à¥à¤¦à¥‡ à¤ªà¤° à¤˜à¤¿à¤°à¥€ à¤•à¤¾à¤‚à¤—à¥à¤°à¥‡à¤¸ à¤¤à¥‹ à¤¦à¤¿à¤—à¥à¤µà¤¿à¤œà¤¯ à¤¸à¤¿à¤‚à¤¹ à¤¨à¥‡ à¤¸à¤‚à¤­à¤¾à¤²à¤¾ à¤®à¥‹à¤°à¥à¤šà¤¾, à¤•à¤¹à¤¾- - ABP à¤¨à¥à¤¯à¥‚à¤œà¤¼

https://t.co/V2ogOiKy0S",hi,Tweet
yadavharshit038,@Bitt2DA @GodGiftNaMo Jhuk kar Modi ji ke pair padoğŸ¤£ğŸ˜œ,hi,Reply
mjmaathini,"@s_kanth sir make a post with congress 5 promises Vs Modi 5 cry . 91 times , hanuman , kerala story etc.,",en,Tweet
sense2talk,"@imMAK02 What about the Netflix series, Caliphate? It was made in Sweden with no link with Modi or RSS or H.",en,Reply
gopand5612,@nytimes You have not brought Modi's &amp; BJP's  &amp; radical Hindu name into this . What type of journalism is this,en,Reply
nitinsoni456069,@SudhanshuBJP @narendramodi Modi ji is Great our Hero,en,Reply
BaggaBagree,"@MANISHS80221272 @Swamy39 @pGurus1 Modi hai to mumkin hai.
Sonia hai to Nischit hai.",hi,Reply
RakeshK12350428,Narendra Modi Ne pura desh ko Barbad kar diya udyogpatiyon ke sare per Apna Akal na hone per,hi,Tweet
Surende05060255,"Modi à¤œà¥€ à¤¨à¥‡ The Kerala Story à¤•à¤¾ à¤œà¤¿à¤•à¥à¤° à¤•à¤°à¤¤à¥‡ à¤¹à¥à¤ à¤•à¤¹à¤¾ à¤¹à¥ˆ à¤•à¤¿ à¤¯à¥‡ à¤¸à¤¿à¤°à¥à¤« à¤«à¤¼à¤¿à¤²à¥à¤® à¤¨à¤¹à¥€à¤‚ à¤¹à¥ˆ à¤¬à¤²à¥à¤•à¤¿ à¤¸à¤š à¤¦à¤°à¥à¤¶à¤¾à¤¤à¥€ à¤¹à¥ˆ à¤•à¤¿ à¤à¤• à¤°à¤¾à¤œà¥à¤¯ à¤®à¥‡à¤‚ Terrorism à¤•à¤¿à¤¸ à¤¤à¤°à¤¹ à¤¬à¤¢à¤¼à¤¾ à¤¹à¥ˆ à¤”à¤° à¤¦à¥à¤–à¤¦ à¤¹à¥ˆ à¤•à¤¿ Congress à¤‡à¤¸ à¤†à¤¤à¤‚à¤•à¤µà¤¾à¤¦à¥€ à¤ªà¥à¤°à¤µà¤¤à¥à¤¤à¤¿ à¤•à¥‹ à¤à¤•à¥à¤Ÿà¤¿à¤µà¤²à¥€ à¤¸à¤ªà¥‹à¤°à¥à¤Ÿ à¤•à¤°à¤¤à¥€ à¤¹à¥ˆà¥¤

Brilliance of Modi ji, his blueprint is fool proof https://t.co/ZZnkjI3adR",hi,Tweet
ramdasbharadwaj,@AartiTikoo Newstrader was what Modi called him.,en,Reply
BaggaBagree,"@TweetCheckIndia @Swamy39 @pGurus1 Get lost Modi bhakt.

No more cheating on tax payers",en,Reply
VamsiInIn,"@anr4dalits It will be the usual playbook.

Victory - credit to Modi
Defeat - riots and/or create a diversion story",en,Reply
Peaceispower88,@tequieremos Your paymasters will sell Pakistan for a right price. Why Modi has to fight when Pak General's can be bought for few million dollars.,en,Reply
Desiproblems71,"Another modi propaganda movie, full of guess what....lies https://t.co/T8O4boNeav",en,Tweet
GautamModi_420,"@Tivary First Kiran should flush well, donâ€™t shit everywhere.
He is tempered with his non capabilities.

All last benchers are Modi ministers",en,Reply
aap4pilibanga,"â€œModi à¤œà¥€,

à¤œà¤¿à¤¸ à¤¦à¤¿à¤¨ Kejriwal à¤•à¥‡ à¤–à¤¿à¤²à¤¾à¤«à¤¼ à¤à¤• à¤¨à¤ à¤ªà¥ˆà¤¸à¥‡ à¤•à¤¾ à¤­à¥à¤°à¤·à¥à¤Ÿà¤¾à¤šà¤¾à¤° à¤®à¤¿à¤² à¤œà¤¾à¤, à¤šà¥Œà¤°à¤¾à¤¹à¥‡ à¤ªà¤° à¤«à¤¾à¤‚à¤¸à¥€ à¤¦à¥‡ à¤¦à¥‡à¤¨à¤¾à¥¤

à¤²à¥‡à¤•à¤¿à¤¨ à¤¯à¥‡ à¤°à¥‹à¤œà¤¼-à¤°à¥‹à¤œà¤¼ à¤•à¥€ à¤¨à¥Œà¤Ÿà¤‚à¤•à¥€ à¤¬à¤‚à¤¦ à¤•à¤°à¥‹à¥¤â€

â€”CM @ArvindKejriwal https://t.co/BRfS7Pglwc",hi,Tweet
nviswam,"@Swamy39 It appears TDK continues to hold strong control over Modi Govt (like MMS Govt).
It's a miracle you managed to drag her &amp; her buddhu son to court, got them arrested, and made them apply for bail. Only you can achieve the unachievable things in India.
More powers to you, Dr. Swamy.",en,Reply
modi_228,@_ezra666 Ù…Ø³ØªØ¹Ø¯ Ø§Ø¹Ø·ÙŠ ÙƒÙ„ Ø´ÙŠØ¡ Ø¨Ù…Ø¬Ø±Ø¯ Ø§Ù…ØµØ© Ø§Ùˆ ÙŠØ¯Ø®Ù„ ÙÙŠÙ†ÙŠ,ar,Reply
Warraich_A87,"@AmirMateen2 @BBhuttoZardari Best ways to respond &amp; slap. 
1-  Release their audio / video. 

2- Gift them some plots in DHA. Commercial plots only. 

3- Invite Modi like bajwa &amp; best brains decided.

4- File a new case Imran Khan. 

Hafiz &amp; Nadeem are so furious.
I still pray for no war but company Ghusa.",en,Reply
JawedIq71259931,@hindsresth @BoltaHindustan Kya Modi ji ko Bajrang dal aur Bajrang Bali me antar nahi padta. Baat Bajrang dal ki ho rhi hai wo Rajnitik fayade k liye Bajrang Bali ko le aaye.,hi,Reply
dr3772,@ayushmanngenius @akku_modi @optionables @vihan13singh Its like terms and conditions ğŸ˜‚ https://t.co/E8wjPHkblB,en,Reply
SubbukuSridhar,@abhijeet_dipke My only wish in life is modi winning 2024 grand with 350 seats and before he retires actually teach you the definition of fascism to dogs like you.,en,Reply
Summer97347690,"@Sallu_gooner Yes from 2019 to 2022 it was 5 mins. He stopped trade with India, in the US he ran a successful campaign against Modi but that was 5 mins. Your dad removed him to bring BBZ because IK refused to sell Kashmir.",en,Reply
AsianetNewsSN,"à²ªà³à²°à²§à²¾à²¨à²¿ à²®à³‹à²¦à²¿ à²†à²°à³à²¶à³€à²°à³à²µà²¦à²¿à²¸à²²à³ à²œà²¨à²¤à³†à²—à³† à²¸à²‚à²¸à²¦ à²¤à³‡à²œà²¸à³à²µà²¿ à²¸à³‚à²°à³à²¯ à²®à²¨à²µà²¿
#TejaswiSurya #NarendraModi #KarnatakaElection2023 #KarnatakaElectionNews 
@Tejasvi_Surya @narendramodi 
https://t.co/Ay75CutFri",kn,Tweet
fearpidgeon,"@GirishVivian what do you know about the riots in 2002, modi's roll in egging them on? what do you know about the beatings of muslim men on the street? what do you know about the government sanctioned destruction of mosques? what do you know about modi's participation in hate groups?",en,Reply
PraveenMulka,@bandisanjay_bjp Saalu modi sampaku Modi...paid artists latho shoot chesi ....thambaku https://t.co/24aXAMVdzB,in,Reply
iPrashantSingh,"@prakashraaj Paisa laga hai bhai, jaise aap apni picture promote karte ho. Tab Modi ji kuch kehte hain kya?",hi,Reply
TeeJayPPL,@fawadchaudhry Love for Modi...ğŸ˜€ğŸ˜€ https://t.co/cVeoTBfIfw,en,Reply
GautamModi_420,"@Tivary Jai Bajrang Bali 

Modi is not winning. 
Stay calm and keep quiet",en,Reply
SannjoyS,"Farzi kashmiri files ke baad

The Kerala story farzi fake Film 
Bjp sanghi sab prachar karne lage 

Posters lagane lage 

Modi bhi prachar karne laga",hi,Tweet
subaah_e_banara,As if Modi will save anyone ğŸ˜‚ https://t.co/v3cxCdwwqv,en,Tweet
SSD28543448,"@TimesNow 1/Sahid Afridi is free to say whatever he wants in his land.
2/ his views are not Pakistan's views.
3/ Modi is the PM of India not Pak.
4/ arÃª you really reporting a news here? Or are you just running out of news?

No wonder India's rank in press is so low. Shameless.",en,Reply
anandakennamet1,"à²•à²°à³à²¨à²¾à²Ÿà²• à²šà³à²¨à²¾à²µà²£à³†: à²¬à³†à²‚à²—à²³à³‚à²°à²¿à²¨à²²à³à²²à²¿ à²ªà³à²°à²§à²¾à²¨à²¿ à²®à³‹à²¦à²¿ à²¬à³ƒà²¹à²¤à³ à²°à³‹à²¡à³ à²¶à³‹ à²¨à²¡à³†à²¸à²²à²¿à²¦à³à²¦à²¾à²°à³†
Karnataka Elections: PM Modi Takes Out Massive Roadshow In Bengaluru. Today https://t.co/ILcJvDANG9",und,Tweet
BilliBasheruk,@KhawajaMAsif Khawaja m.Asif If you want to bend over for modi thatâ€™s your choice but donâ€™t f*ckin embarrass us,en,Reply
Zaid0317,"@news24tvchannel @narendramodi Modi ji Manipur jal rha h waha apki sarkar h , 100+ se jyada log mar chuke h ... chunav chhoriye manipur ko bachaiye",hi,Reply
Ahsaas_Wasti,"@najamwalikhan BJP is upset that Bilawal didn't fold down like Modi ji when faced with harsh &amp; loaded questions!
PTI is upset because Bilawal didn't double down on antisemitic 'Deep Pockets' slurs like SMQ in global media, to cause a diplomatic debacle!
Bhutto lives to win the day, again! https://t.co/YchTLibepD",en,Reply
_SOLANKI_KISHAN,"We will form the government with full majority in Karnataka. This will be on the back of works done by both PM Modi's govt and the State govt.

- Shri @AmitShah @narendramodi https://t.co/IMC14DJLhu",en,Tweet
anr4dalits,"Irrespective of the election outcome in Karnataka. Can BJP claim it as Modi's failure or victory. 
Any claim can be made only before election results not based results???
#ModiWinningKarnataka ? Or #ModiFailedKarnataka? 
#KarnatakaAssemblyElection 
#KarnatakaElections2023",en,Tweet
PANKAJTANK,@AnshumanSail This is the victory. Modi resign. Rahul PM,en,Reply
networkwell,"@ashoswai The zombies of India who voted Modi in power don't ask questions, they only accept whatever their master Modi says and does. 'Cause...they are zombies...",en,Reply
DesiBoys88,@malik_zaadaa @majorgauravarya @DrSJaishankar Modi's name is enough to rattle entire Pakistan.. ur x PM Imran woke up taking about Modi and went to bed talking about Modi. Almost did nothing for Pakistan.. all talk just rhetoric.,en,Reply
ProfDrGovindPa1,@narendramodi Modi Ji is great. Sadar Pranam.,in,Reply
CricketWatchers,The BCCI will be announcing the 2023 World Cup schedule at a grand launch once the Indian Premier League is over. https://t.co/dL3CXC1SSj,en,Tweet
NasirHu05952511,@BBCHindi Modi ji ap desh ka PM hai  kisi party ya  movie ka  pracharak nahi. Thoda to garima rkhe us ğŸ’º ka,hi,Reply
Diptarag1,@RuchiraC @RahulGandhi Ayega toh Modi hi,in,Reply
VishGuru_Modi,"@SushantBSinha à¤šà¥à¤ª à¤­dway , à¤¬à¤¿à¤²à¤•à¥à¤² à¤šà¥à¤ª",hi,Reply
nviswam,"@Swamy39 @Dharma4X @Prathibha79 @tony_karyakarta @mm_0774 @SwamyBhakt @chitrapadhi @Dharma6X @vishalnautamlal @colkt @jagdishshetty @niku1630 @ranganaathan @rameshsethu @JugalKhetan @minal_vhs @madhukishwar @8Y8ZQ @RituRathaur @ArvindChaturved @sumit_kochhar @VarshaThacker @GurudathShettyK @RupamDu22916188 @Meshsi1502Kn @Geethabhati @Dharma2X @RudraVS @sachin23kr @AmbujShrivast16 @ProfSukh @REIyer4 @DrSuren75 @tavleen_singh @fgautier26 Sir, Sanskrit Prof Dr. Veezhinathan, father of IIT-Madras Director,  says Lord Ram is karunamoorthy and He forgives all sins except Ahankar. Modi seems to have booked a special place in hell.",en,Reply
Diptarag1,@kharge Ayega toh Modi hi,in,Reply
jaisreeram_hanu,"#Vanakkam_Modi 2024 BJP will win 500+ Guarantee ğŸ™ #BarBarBJPSarkar 
#à®¤à¯€à®®à¯‚à®•_à®¤à®®à®¿à®´à®•à®¤à¯à®¤à¯à®•à¯à®•à¯_à®’à®°à¯_à®šà®¾à®ªà®•à¯à®•à¯‡à®Ÿà¯
à®¤à®®à®¿à®´à®°à¯à®•à®³à¯ à®…à®£à¯à®£à®¾à®®à®²à¯ˆ à®…à®£à¯à®£à®¾ à®µà®´à®¿à®¯à®¿à®²à¯ à®šà¯†à®²à¯à®²à®¾à®µà®¿à®Ÿà¯à®Ÿà®¾à®²à¯,
à®‡à®¨à¯à®¤ à®¤à®¿à®°à®¾à®µà®¿à®Ÿà®®à¯ à®à®©à¯à®± à®•à¯‡à®µà®²à®®à®¾à®© à®šà®¾à®•à¯à®•à®Ÿà¯ˆà®¯à®¿à®²à¯, à®ªà®©à¯à®±à®¿à®•à®³à®¾à®• à®¤à®¿à®°à®¿à®¯ à®µà¯‡à®£à¯à®Ÿà®¿à®¯à®¤à¯à®¤à®¾à®©à¯.
#à®¤à®¿à®°à®¾à®µà®¿à®Ÿà®®à¯_à®¤à®®à®¿à®´à®•à®¤à¯à®¤à¯à®•à¯à®•à¯_à®’à®°à¯_à®šà®¾à®ªà®•à¯à®•à¯‡à®Ÿà¯ https://t.co/NVkFlCtVJe",ta,Tweet
Diptarag1,@rssurjewala Ayega toh Modi hi,in,Reply
AnandKu92681261,"@news24tvchannel Mudda is Un-emloyment, price rise and Modi Adani Scams but tv serial dance.....",en,Reply
Diptarag1,@kcvenugopalmp Ayega toh Modi hi,in,Reply
warriorthe12,"Feeling sorry for BBZ, he is dealing with Modiâ€™s India and IKâ€™s Pakistan simultaneously, both Cult doctrine with obnoxious behaviour. How do you expect them to be sincere to their country, they have dedicated themselves to one single person and his ideology.",en,Tweet
Diptarag1,@Jairam_Ramesh Ayega toh Modi hi,in,Reply
colkt,"@Swamy39 @Dharma4X @Prathibha79 @tony_karyakarta @mm_0774 @SwamyBhakt @chitrapadhi @nviswam @Dharma6X @vishalnautamlal @jagdishshetty @niku1630 @ranganaathan @rameshsethu @JugalKhetan @minal_vhs @madhukishwar @8Y8ZQ @RituRathaur @ArvindChaturved @sumit_kochhar @VarshaThacker @GurudathShettyK @RupamDu22916188 @Meshsi1502Kn @Geethabhati @Dharma2X @RudraVS @sachin23kr @AmbujShrivast16 @ProfSukh @REIyer4 @DrSuren75 @tavleen_singh @fgautier26 Sir, BJP's National Leadership is celebrating the mind-set of #Cowardice_n_Surrender

56"" is only for Hindus, especially Brahmins 

Modi is dividing society more than even VP Singh n British",en,Reply
avinashpattnaik,"See you on #BastilleDay 
As Modi ji stated in2019, INFRA. https://t.co/aX8lWNhAPU",en,Tweet
deepakyadav_32,"â€œModi à¤œà¥€,

à¤œà¤¿à¤¸ à¤¦à¤¿à¤¨ Kejriwal à¤•à¥‡ à¤–à¤¿à¤²à¤¾à¤«à¤¼ à¤à¤• à¤¨à¤ à¤ªà¥ˆà¤¸à¥‡ à¤•à¤¾ à¤­à¥à¤°à¤·à¥à¤Ÿà¤¾à¤šà¤¾à¤° à¤®à¤¿à¤² à¤œà¤¾à¤, à¤šà¥Œà¤°à¤¾à¤¹à¥‡ à¤ªà¤° à¤«à¤¾à¤‚à¤¸à¥€ à¤¦à¥‡ à¤¦à¥‡à¤¨à¤¾à¥¤

à¤²à¥‡à¤•à¤¿à¤¨ à¤¯à¥‡ à¤°à¥‹à¤œà¤¼-à¤°à¥‹à¤œà¤¼ à¤•à¥€ à¤¨à¥Œà¤Ÿà¤‚à¤•à¥€ à¤¬à¤‚à¤¦ à¤•à¤°à¥‹à¥¤â€

â€”CM @ArvindKejriwal https://t.co/omETG2cNQq",hi,Tweet
remirehi,"@Enraged_Indian @RailMinIndia The officer who approved this ad should be sent for reeducation at ISRO, how can Railways approve an ad without Modi jiâ€™s photo in it?",en,Reply
Diptarag1,@SitaramYechury Ayega toh Modi hi,in,Reply
Diptarag1,@AaronMathewINC Ayega toh Modi hi,in,Reply
opyadavbehror,"Text of PM Modi's speech at public meeting in Ballari, Karnataka
https://t.co/jlO70P7NGW

via NaMo App https://t.co/fbudJbsvjo",en,Tweet
opyadavbehror,"Opinion- à¤®à¥‹à¤¦à¥€ à¤¸à¤°à¤•à¤¾à¤° à¤•à¥‡ à¤•à¤¾à¤°à¥à¤¯à¤•à¤¾à¤² à¤®à¥‡à¤‚ à¤•à¥‹à¤¯à¤²à¤¾ à¤‰à¤¤à¥à¤ªà¤¾à¤¦à¤¨ à¤®à¥‡à¤‚ à¤…à¤­à¥‚à¤¤à¤ªà¥‚à¤°à¥à¤µ à¤¬à¤¢à¤¼à¥‹à¤¤à¥à¤¤à¤°à¥€, à¤†à¤¯à¤¾à¤¤ à¤˜à¤Ÿà¤¾ 
 https://t.co/Fe41MNIcjy

via NaMo App https://t.co/PLuHDQFX92",hi,Tweet
MahtabA94927471,@PoojaMathur01 @aimim_national @adah_sharma @Anxious_shahbaz @yadavakhilesh @zoo_bear @mjakbar @Akhtaruliman5 @shoaibJamei @ZakirAliTyagi waah Modi waah,in,Reply
weebees333,@Qamarcheema It's now disgusting that we have crossed the limit of basic courtesy. Enough is enough .I being an Indian feel ashamed by calling beggar n using derogatory words .I m aware bilawal had it for modi in past but being host not done .,en,Reply
Diptarag1,@SirKazamJeevi Ayega toh Modi hi,in,Reply
srikbalaji1967,"#ModiWinningKarnataka
Rajiv Gandhi had said that when the Central government sends Rs 1, only 15 paisa reach the people. This means that he himself had accepted Congress as 85% commission party : PM Modi
via NaMo App",en,Tweet
srikbalaji1967,"#ModiWinningKarnataka
When Congress ruled Karnataka, their focus was on corruption and not the development of the state: PM Modi
via NaMo App",en,Tweet
Diptarag1,@JhaSanjay Ayega toh Modi hi,in,Reply
srikbalaji1967,"#ModiWinningKarnataka
The movie 'The Kerala Story' film sheds light into how terrorism is corroding the society of Kerala. And now, the Congress is supporting those elements who are defending terrorism by trying to ban this film: PM Modi
via NaMo App",en,Tweet
srikbalaji1967,"#ModiWinningKarnataka
Terrorism has taken a new form now. Apart from using weapons and bombs, they are working towards making the society hollow from inside out. â€˜The Kerala Story' movie has exposed this new face of terrorism: PM Modi
via NaMo App",en,Tweet
srikbalaji1967,"#ModiWinningKarnataka
Today the whole world is worried about terrorism. We have suffered from this for long. Terrorism is anti-human &amp; regressive. But to save its own vote bank, Congress has kneeled down before terrorism. Can it protect Karnataka? - PM Modi
via NaMo App",en,Tweet
srikbalaji1967,"#ModiWinningKarnataka
BJP has always been tough on terrorism. But whenever there is an action taken against terrorism, Congress develops stomach-ache: PM Modi
via NaMo App",en,Tweet
srikbalaji1967,"#ModiWinningKarnataka
BJP's manifesto has the roadmap to make Karnataka No. 1. On the other hand, in Congress manifesto, all that's written is  ""ban this, remove that scheme"". They are terrified. They even have a problem with me saying Jai Bajrang Bali: PM Modi
via NaMo App",en,Tweet
srikbalaji1967,"#ModiWinningKarnataka
The Congress has been using corruption to loot the people of this country ever since the eve of independence. Now they are using another tactic - by using disinformation to fool the people and win the election: PM Modi
via NaMo App",en,Tweet
chaharalok,"@RanaAyyub Being the most Popular leader on the planet, everyone should be proud to be endorsed by Modi Ji except Jihad's and ISIS sympathisers.",en,Reply
xmowais,@BabarBaAishKosh Nawaz Modi ko phone kar k iski izzat rakh lega...,hi,Reply
srikbalaji1967,"#ModiWinningKarnataka
I thank everyone of you, who have come to this event to support the BJP despite heavy rains: PM Modi
via NaMo App",en,Tweet
rahmadiadi2,"Aspernatur modi iusto iste dignissimos.
Tgï¼šhttps://t.co/yK7WTGMJ7P

#æ­å·
#æ­å·å­¦ç”Ÿ
#æ­å·åŒåŸ https://t.co/NoDvs1Nf3u",it,Tweet
kotlaramesh7,@bandisanjay_bjp à°¦à±‡à°µà±à°¡à± peru chepi devudu ni mosam chesthuna modi modi asallu hindu na ra cheppu,et,Reply
Pranay7even,"Jokers like modi 

Only photo shoot 

Addicted to SM https://t.co/OHceUYHYJ7",en,Tweet
Munavar02128586,@zoo_bear BJP Modi ko sirf vote chahiye,ht,Reply
kotlaramesh7,@bandisanjay_bjp Ni modi 1 cr job ekada,in,Reply
EzioErre,@UltimaGenerazi1 @PiazzapulitaLA7 Sono con voi ma permettetemi di dirvi che Chloe non puoâ€™ essere la vostra front woman. Vi fa passare dalla parte del torto coi suoi modi puerili Ã¨ molto poco educati. Ditele che non Ã¨ piuâ€™ allâ€™assemblea dâ€™istitutoâ€¦,it,Reply
anarcho177,@SwetaSinghAT @DrSJaishankar Modi ke sath ka asar.,hi,Reply
LaGio_91,"#Carla a molti sta simpatica per i suoi modi, la sua spontaneitÃ . Io invece la trovo una persona con seri problemi che avrebbe bisogno di un percorso psicoterapeutico. Si capÃ­ benissimo giÃ  con #Biagio ma continua a dimostrarlo ogni volta.
#uominiedonne",it,Tweet
dennis_dacunha,@julyone_modi @RishiKBakshi @SaberiSixReal https://t.co/rEa6N8XwEd,und,Reply
kotlaramesh7,@bandisanjay_bjp Ni modi ni annali kani à°¦à±Šà°° ni modi kcr kadhu,in,Reply
pant2898,"@prakashraaj Good morning Prakash Raj Ji,
The picture you have sent, your reply is also hidden in the same picture. Look at the fear on the faces of the people standing in front of Hitler and what would you say seeing the greeting and smile of the crowd standing in front of Modi Ji ?
 à¤¹à¤°à¤¿à¥ğŸ™",en,Reply
dilshad_punjabi,"Ye khaki wardi ka apman nahi, aise napunskon ko ye wardi kya sirf 70, 70 hzaar+ salary dene dene line ke liye pehna rakhi he, aur han kisi nihatte ko beech chorahe ya sarhak kinare maar girana ho to inhi ka nam sare fehrist hota he incaunter karne ke nam par, 
Wah modi ji wah https://t.co/NOBTKSdpFl",hi,Tweet
speedster_se7en,"Ronaldo fans can really make good politicians, Iâ€™m not joking. The amount of effort that they put to carry their propaganda is nothing less than BJP IT wingâ€™s campaigns for Modi. https://t.co/K516415Wzo",en,Tweet
kotlaramesh7,@bandisanjay_bjp Modi SC vallani champuthunadu,und,Reply
SaNaTaNiSoUL12,@narendramodi Same to you and your govt Modi ji,en,Reply
AsianetNewsSN,"à²¬à³†à²‚à²—à²³à³‚à²°à²²à³à²²à²¿à²‚à²¦à³ à²®à³‹à²¦à²¿ 26.5 à²•à²¿.à²®à³€. à²°à³‹à²¡à³â€Œ à²¶à³‹: à²¸à²‚à²šà²¾à²°à²¦à²²à³à²²à³‚ à²¬à²¦à²²à²¾à²µà²£à³†
#NarendraModi #Bengaluru #RoadShow #KarnatakaElection2023 
@narendramodi 
https://t.co/G26blVS57X",kn,Tweet
girolles36,@JoyeuxLaurent2 Le 14 juillet on pourrait aussi mettre un peu de sel dans nos gamelles pour rappeler Ã  Modi que la grande marche du sel de Ghandi c'Ã©tait aussi pour supprimer la british gabelle ... https://t.co/u6FE2QUbCh,fr,Reply
kidding_show,@ExplainThisBob @ViraajMak Bob explain this why modi is close friend to adani and sold everything to him @ExplainThisBob i know u cant explain this,en,Reply
GOAT09872453,@Pranay7even @ANI modi is laughing on your indra gandhi #1975_emergency,en,Reply
DeshBhagatLaun1,@navikakumar @pyaraladkatha @BhagwantMann @ArvindKejriwal @TNNavbharat @BhawanaKishore @DGPPunjabPolice And they call Modi a fascist ğŸ™„,en,Reply
